tag	name
Family/3Son	IMG_6857.jpg
Family/3Son	IMG_20200217_130441.jpg
Family/3Son	PXL_20210324_054929642.jpg
Family/3Son	rotated_6857.jpg
Family/4Daughter	PXL_20210117_203952832.jpg
Family/4Daughter	IMG_20201004_145226.jpg
Family/4Daughter	MVIMG_20200719_164929.jpg
Family/4Daughter	PXL_20210131_193054297.jpg
Family/1Father	IMG_6464.jpg
Family/1Father	IMG_6774.jpg
Family/1Father	IMG_6809.jpg
Family/1Father	IMG_0822.jpg
Family/2Mother	PXL_20210117_203807807.jpg
Family/2Mother	IMG_20201004_202918.jpg
Family/2Mother	IMG_20200712_111747.jpg
Family/2Mother	PXL_20210207_201906697.jpg
